date,team,points,opp,oppPoints,win,count
20131029,Heat,107,Bulls,95,1,2
20131029,Pacers,97,Magic,87,1,2
20131030,Kings,90,Nuggets,88,1,9
20131030,Knicks,90,Bucks,83,1,9
20131030,Mavericks,118,Hawks,109,1,9
20131030,Pistons,113,Wizards,102,1,9
20131030,Raptors,93,Celtics,87,1,9
20131030,Rockets,96,Hornets,83,1,9
20131030,Spurs,101,Grizzlies,94,1,9
20131030,Timberwolves,120,Magic,115,1,9
20131030,Warriors,125,Lakers,94,1,9
20131031,Bulls,82,Knicks,81,1,2
20131031,Clippers,126,Warriors,115,1,2
20131101,Celtics,98,Bucks,105,0,8
20131101,Grizzlies,111,Pistons,108,1,8
20131101,Hawks,102,Raptors,95,1,8
20131101,Nuggets,98,Trailblazers,113,0,8
20131101,Rockets,113,Mavericks,105,1,8
20131101,Suns,87,Jazz,84,1,8
20131101,Timberwolves,100,Thunder,81,1,8
20131101,Wizards,102,Seventysixers,109,0,8
20131102,Mavericks,111,Grizzlies,99,1,4
20131102,Pacers,89,Cavaliers,74,1,4
20131102,Pelicans,105,Hornets,84,1,4
20131102,Warriors,98,Kings,87,1,4
20131103,Heat,103,Wizards,93,1,4
20131103,Knicks,100,Timberwolves,109,0,4
20131103,Pistons,87,Celtics,77,1,4
20131103,Thunder,103,Suns,96,1,4
20131104,Cavaliers,93,Timberwolves,92,1,3
20131104,Clippers,137,Rockets,118,1,3
20131104,Grizzlies,95,Celtics,88,1,3
20131105,Kings,100,Hawks,105,0,6
20131105,Knicks,97,Hornets,102,0,6
20131105,Mavericks,123,Lakers,104,1,6
20131105,Nets,104,Jazz,88,1,6
20131105,Pelicans,98,Suns,104,0,6
20131105,Trailblazers,101,Rockets,116,0,6
20131106,Celtics,97,Jazz,87,1,5
20131106,Grizzlies,84,Pelicans,99,0,5
20131106,Pacers,97,Bulls,80,1,5
20131106,Spurs,99,Suns,96,1,5
20131106,Thunder,107,Mavericks,93,1,5
20131107,Heat,102,Clippers,97,1,3
20131107,Nuggets,109,Hawks,107,1,3
20131107,Rockets,98,Lakers,99,0,3
20131108,Bulls,97,Jazz,73,1,8
20131108,Magic,89,Celtics,91,0,8
20131108,Pacers,91,Raptors,84,1,8
20131108,Pelicans,96,Lakers,85,1,8
20131108,Spurs,76,Warriors,74,1,8
20131108,Suns,114,Nuggets,103,1,8
20131108,Timberwolves,116,Mavericks,108,1,8
20131108,Trailblazers,104,Kings,91,1,8
20131109,Cavaliers,127,Seventysixers,125,1,8
20131109,Grizzlies,108,Warriors,90,1,8
20131109,Hawks,104,Magic,94,1,8
20131109,Heat,110,Celtics,111,0,8
20131109,Kings,85,Trailblazers,96,0,8
20131109,Nets,91,Pacers,96,0,8
20131109,Raptors,115,Jazz,91,1,8
20131109,Rockets,94,Clippers,107,0,8
20131110,Thunder,106,Wizards,105,1,1
20131111,Bulls,96,Cavaliers,81,1,6
20131111,Celtics,120,Magic,105,1,6
20131111,Clippers,109,Timberwolves,107,1,6
20131111,Pacers,95,Grizzlies,79,1,6
20131111,Rockets,110,Raptors,104,1,6
20131111,Trailblazers,109,Pistons,103,1,6
20131112,Heat,118,Bucks,95,1,3
20131112,Mavericks,105,Wizards,95,1,3
20131112,Warriors,113,Pistons,95,1,3
20131113,Celtics,83,Hornets,89,0,9
20131113,Clippers,111,Thunder,103,1,9
20131113,Grizzlies,87,Raptors,103,0,9
20131113,Hawks,91,Knicks,95,0,9
20131113,Magic,94,Bucks,91,1,9
20131113,Nuggets,111,Lakers,99,1,9
20131113,Spurs,92,Wizards,79,1,9
20131113,Timberwolves,124,Cavaliers,95,1,9
20131113,Trailblazers,90,Suns,89,1,9
20131114,Warriors,116,Thunder,115,1,1
20131115,Cavaliers,80,Hornets,86,0,6
20131115,Hawks,113,Seventysixers,103,1,6
20131115,Heat,110,Mavericks,104,1,6
20131115,Kings,90,Pistons,97,0,6
20131115,Pacers,104,Bucks,77,1,6
20131115,Raptors,80,Bulls,96,0,6
20131116,Clippers,110,Nets,103,1,7
20131116,Knicks,90,Hawks,110,0,7
20131116,Pelicans,135,Seventysixers,98,1,7
20131116,Rockets,122,Nuggets,111,1,7
20131116,Timberwolves,106,Celtics,88,1,7
20131116,Warriors,102,Jazz,88,1,7
20131116,Wizards,96,Cavaliers,103,0,7
20131117,Raptors,110,Trailblazers,118,0,1
20131118,Bulls,86,Hornets,81,1,5
20131118,Clippers,102,Grizzlies,106,0,5
20131118,Mavericks,97,Seventysixers,94,1,5
20131118,Nets,98,Trailblazers,108,0,5
20131118,Thunder,115,Nuggets,113,1,5
20131119,Heat,104,Hawks,88,1,4
20131119,Kings,107,Suns,104,1,4
20131119,Pistons,92,Knicks,86,1,4
20131119,Rockets,109,Celtics,85,1,4
20131120,Cavaliers,91,Wizards,98,0,8
20131120,Hawks,93,Pistons,85,1,8
20131120,Mavericks,123,Rockets,120,1,8
20131120,Pelicans,105,Jazz,98,1,8
20131120,Spurs,104,Celtics,93,1,8
20131120,Suns,106,Kings,113,0,8
20131120,Timberwolves,98,Clippers,102,0,8
20131120,Warriors,81,Grizzlies,88,0,8
20131121,Thunder,105,Clippers,91,1,1
20131122,Hornets,91,Suns,98,0,8
20131122,Mavericks,103,Jazz,93,1,8
20131122,Pelicans,104,Cavaliers,100,1,8
20131122,Pistons,89,Hawks,96,0,8
20131122,Raptors,96,Wizards,88,1,8
20131122,Seventysixers,115,Bucks,107,1,8
20131122,Timberwolves,111,Nets,81,1,8
20131122,Trailblazers,98,Bulls,95,1,8
20131123,Bucks,72,Hornets,96,0,10
20131123,Clippers,103,Kings,102,1,10
20131123,Hawks,87,Celtics,94,0,10
20131123,Heat,101,Magic,99,1,10
20131123,Nuggets,102,Mavericks,100,1,10
20131123,Pacers,106,Seventysixers,98,1,10
20131123,Rockets,112,Timberwolves,101,1,10
20131123,Spurs,126,Cavaliers,96,1,10
20131123,Warriors,101,Trailblazers,113,0,10
20131123,Wizards,98,Knicks,89,1,10
20131124,Clippers,121,Bulls,82,1,5
20131124,Lakers,100,Kings,86,1,5
20131124,Magic,96,Suns,104,0,5
20131124,Nets,97,Pistons,109,0,5
20131124,Thunder,95,Jazz,73,1,5
20131125,Hornets,86,Celtics,96,0,7
20131125,Heat,107,Suns,92,1,7
20131125,Mavericks,96,Nuggets,110,0,7
20131125,Pacers,98,Timberwolves,84,1,7
20131125,Pistons,113,Bucks,94,1,7
20131125,Spurs,112,Pelicans,93,1,7
20131125,Trailblazers,102,Knicks,91,1,7
20131126,Hawks,92,Magic,109,0,3
20131126,Raptors,100,Nets,102,0,3
20131126,Wizards,116,Lakers,111,1,3
20131127,Clippers,93,Knicks,80,1,8
20131127,Magic,105,Seventysixers,94,1,8
20131127,Mavericks,103,Warriors,99,1,8
20131127,Nets,94,Lakers,99,0,8
20131127,Pistons,79,Bulls,99,0,8
20131127,Rockets,113,Hawks,84,1,8
20131127,Thunder,94,Spurs,88,1,8
20131127,Timberwolves,110,Nuggets,117,0,8
20131129,Hornets,92,Bucks,76,1,7
20131129,Celtics,103,Cavaliers,86,1,7
20131129,Nuggets,97,Knicks,95,1,7
20131129,Pacers,93,Wizards,73,1,7
20131129,Pistons,102,Lakers,106,0,7
20131129,Rockets,114,Nets,95,1,7
20131129,Thunder,113,Warriors,112,1,7
20131130,Grizzlies,88,Nets,97,0,4
20131130,Spurs,106,Rockets,112,0,4
20131130,Suns,104,Jazz,112,0,4
20131130,Wizards,108,Hawks,101,1,4
20131201,Heat,99,Hornets,98,1,5
20131201,Knicks,99,Pelicans,103,0,5
20131201,Pistons,115,Seventysixers,100,1,5
20131201,Raptors,98,Nuggets,112,0,5
20131201,Thunder,113,Timberwolves,103,1,5
20131202,Bulls,128,Pelicans,131,0,3
20131202,Spurs,102,Hawks,100,1,3
20131202,Wizards,98,Magic,80,1,3
20131203,Celtics,108,Bucks,100,1,6
20131203,Grizzlies,110,Suns,91,1,6
20131203,Heat,97,Pistons,107,0,6
20131203,Mavericks,89,Hornets,82,1,6
20131203,Seventysixers,126,Magic,125,1,6
20131203,Warriors,112,Raptors,103,1,6
20131204,Pelicans,97,Mavericks,100,0,3
20131204,Rockets,88,Suns,97,0,3
20131204,Trailblazers,111,Thunder,104,1,3
20131206,Hornets,105,Seventysixers,88,1,8
20131206,Hawks,108,Cavaliers,89,1,8
20131206,Kings,100,Lakers,106,0,8
20131206,Knicks,121,Magic,83,1,8
20131206,Rockets,105,Warriors,83,1,8
20131206,Suns,106,Raptors,97,1,8
20131206,Trailblazers,130,Jazz,98,1,8
20131206,Wizards,105,Bucks,109,0,8
20131207,Bulls,75,Pistons,92,0,4
20131207,Jazz,102,Kings,112,0,4
20131207,Spurs,100,Pacers,111,0,4
20131207,Trailblazers,106,Mavericks,108,0,4
20131208,Knicks,73,Celtics,114,0,4
20131208,Lakers,94,Raptors,106,0,4
20131208,Rockets,98,Magic,88,1,4
20131208,Thunder,118,Pacers,94,1,4
20131209,Grizzlies,94,Magic,85,1,1
20131210,Bulls,74,Bucks,78,0,5
20131210,Cavaliers,109,Knicks,94,1,5
20131210,Lakers,108,Suns,114,0,5
20131210,Nets,104,Celtics,96,1,5
20131210,Pacers,90,Heat,84,1,5
20131211,Hornets,83,Magic,92,0,6
20131211,Kings,101,Jazz,122,0,6
20131211,Knicks,83,Bulls,78,1,6
20131211,Pelicans,111,Pistons,106,1,6
20131211,Timberwolves,106,Seventysixers,99,1,6
20131211,Warriors,95,Mavericks,93,1,6
20131212,Trailblazers,111,Rockets,104,1,1
20131213,Celtics,90,Knicks,86,1,12
20131213,Hawks,101,Wizards,99,1,12
20131213,Magic,100,Cavaliers,109,0,12
20131213,Nuggets,93,Jazz,103,0,12
20131213,Pacers,99,Hornets,94,1,12
20131213,Pelicans,104,Grizzlies,98,1,12
20131213,Pistons,103,Nets,99,1,12
20131213,Raptors,108,Seventysixers,100,1,12
20131213,Spurs,117,Timberwolves,110,1,12
20131213,Suns,116,Kings,107,1,12
20131213,Thunder,122,Lakers,97,1,12
20131213,Warriors,112,Rockets,116,0,12
20131214,Hornets,85,Lakers,88,0,4
20131214,Bulls,77,Raptors,99,0,4
20131214,Heat,114,Cavaliers,107,1,4
20131214,Mavericks,106,Bucks,93,1,4
20131215,Nuggets,102,Pelicans,93,1,2
20131215,Thunder,101,Magic,98,1,2
20131216,Bulls,82,Magic,83,0,6
20131216,Hawks,114,Lakers,100,1,6
20131216,Heat,117,Jazz,94,1,6
20131216,Knicks,101,Wizards,102,0,6
20131216,Nets,130,Seventysixers,94,1,6
20131216,Pacers,96,Pistons,101,0,6
20131217,Hornets,95,Kings,87,1,3
20131217,Grizzlies,92,Lakers,96,0,3
20131217,Warriors,104,Pelicans,93,1,3
20131218,Clippers,108,Pelicans,95,1,9
20131218,Hawks,124,Kings,107,1,9
20131218,Heat,97,Pacers,94,1,9
20131218,Magic,82,Jazz,86,0,9
20131218,Mavericks,105,Grizzlies,91,1,9
20131218,Nets,107,Wizards,113,0,9
20131218,Raptors,102,Hornets,104,0,9
20131218,Rockets,109,Bulls,94,1,9
20131218,Timberwolves,120,Trailblazers,109,1,9
20131219,Thunder,107,Bulls,95,1,2
20131219,Warriors,102,Spurs,104,0,2
20131220,Cavaliers,114,Bucks,111,1,7
20131220,Hawks,118,Jazz,85,1,7
20131220,Heat,122,Kings,103,1,7
20131220,Mavericks,108,Raptors,109,0,7
20131220,Nuggets,99,Suns,103,0,7
20131220,Pacers,114,Rockets,81,1,7
20131220,Pistons,106,Hornets,116,0,7
20131221,Hornets,85,Jazz,88,0,11
20131221,Bucks,116,Seventysixers,106,1,11
20131221,Bulls,100,Cavaliers,84,1,11
20131221,Celtics,99,Wizards,106,0,11
20131221,Clippers,112,Nuggets,91,1,11
20131221,Knicks,87,Grizzlies,95,0,11
20131221,Magic,100,Kings,105,0,11
20131221,Spurs,100,Thunder,113,0,11
20131221,Suns,123,Mavericks,108,1,11
20131221,Trailblazers,110,Pelicans,107,1,11
20131221,Warriors,102,Lakers,83,1,11
20131222,Clippers,120,Timberwolves,116,1,3
20131222,Pacers,106,Celtics,79,1,3
20131222,Thunder,98,Raptors,104,0,3
20131223,Hornets,111,Bucks,110,1,7
20131223,Cavaliers,92,Pistons,115,0,7
20131223,Grizzlies,104,Jazz,94,1,7
20131223,Heat,121,Hawks,119,1,7
20131223,Rockets,104,Mavericks,111,0,7
20131223,Spurs,112,Raptors,99,1,7
20131223,Suns,117,Lakers,90,1,7
20131225,Nets,78,Bulls,95,0,3
20131225,Spurs,98,Rockets,111,0,3
20131225,Warriors,105,Clippers,103,1,3
20131226,Rockets,100,Grizzlies,92,1,2
20131226,Trailblazers,116,Clippers,112,1,2
20131227,Jazz,105,Lakers,103,1,5
20131227,Nets,104,Bucks,93,1,5
20131227,Pelicans,105,Nuggets,89,1,5
20131227,Timberwolves,120,Wizards,98,1,5
20131227,Warriors,115,Suns,86,1,5
20131228,Celtics,103,Cavaliers,100,1,10
20131228,Clippers,98,Jazz,90,1,10
20131228,Grizzlies,120,Nuggets,99,1,10
20131228,Hawks,118,Hornets,116,1,10
20131228,Pacers,105,Nets,91,1,10
20131228,Raptors,115,Knicks,100,1,10
20131228,Rockets,107,Pelicans,98,1,10
20131228,Suns,115,Seventysixers,101,1,10
20131228,Trailblazers,107,Heat,108,0,10
20131228,Wizards,106,Pistons,82,1,10
20131229,Lakers,104,Seventysixers,111,0,4
20131229,Magic,109,Hawks,102,1,4
20131229,Spurs,112,Kings,104,1,4
20131229,Thunder,117,Rockets,86,1,4
20131230,Clippers,88,Suns,107,0,5
20131230,Grizzlies,91,Bulls,95,0,5
20131230,Jazz,83,Hornets,80,1,5
20131230,Pistons,99,Wizards,106,0,5
20131230,Timberwolves,98,Mavericks,100,0,5
20131231,Celtics,91,Hawks,92,0,6
20131231,Lakers,79,Bucks,94,0,6
20131231,Pacers,91,Cavaliers,76,1,6
20131231,Rockets,106,Kings,110,0,6
20131231,Spurs,113,Nets,92,1,6
20131231,Thunder,94,Trailblazers,98,0,6
20140101,Clippers,112,Hornets,85,1,4
20140101,Nuggets,102,Seventysixers,114,0,4
20140101,Timberwolves,124,Pelicans,112,1,4
20140101,Wizards,78,Mavericks,87,0,4
20140102,Bulls,94,Celtics,82,1,9
20140102,Cavaliers,87,Magic,81,1,9
20140102,Heat,114,Warriors,123,0,9
20140102,Jazz,96,Bucks,87,1,9
20140102,Kings,104,Seventysixers,113,0,9
20140102,Spurs,101,Knicks,105,0,9
20140102,Suns,91,Grizzlies,99,0,9
20140102,Thunder,93,Nets,95,0,9
20140102,Trailblazers,134,Hornets,104,1,9
20140103,Lakers,110,Jazz,99,1,4
20140103,Nuggets,111,Grizzlies,108,1,4
20140103,Rockets,102,Knicks,100,1,4
20140103,Wizards,88,Raptors,101,0,4
20140104,Bulls,91,Hawks,84,1,8
20140104,Kings,103,Hornets,113,0,8
20140104,Nets,89,Cavaliers,82,1,8
20140104,Pacers,99,Pelicans,82,1,8
20140104,Spurs,116,Clippers,92,1,8
20140104,Suns,116,Bucks,100,1,8
20140104,Timberwolves,111,Thunder,115,0,8
20140104,Trailblazers,99,Seventysixers,101,0,8
20140105,Heat,102,Raptors,97,1,4
20140105,Mavericks,80,Knicks,92,0,4
20140105,Pistons,84,Grizzlies,112,0,4
20140105,Thunder,119,Celtics,96,1,4
20140106,Clippers,101,Magic,81,1,2
20140106,Nets,91,Hawks,86,1,2
20140107,Cavaliers,111,Seventysixers,93,1,6
20140107,Heat,107,Pelicans,88,1,6
20140107,Knicks,89,Pistons,85,1,6
20140107,Mavericks,110,Lakers,97,1,6
20140107,Nuggets,129,Celtics,98,1,6
20140107,Pacers,86,Raptors,79,1,6
20140108,Clippers,111,Celtics,105,1,7
20140108,Pelicans,96,Wizards,102,0,7
20140108,Raptors,112,Pistons,91,1,7
20140108,Rockets,113,Lakers,99,1,7
20140108,Spurs,112,Mavericks,90,1,7
20140108,Timberwolves,103,Suns,104,0,7
20140108,Trailblazers,110,Magic,94,1,7
20140110,Clippers,123,Lakers,87,1,7
20140110,Grizzlies,104,Suns,99,1,7
20140110,Jazz,102,Cavaliers,113,0,7
20140110,Kings,103,Magic,83,1,7
20140110,Pacers,93,Wizards,66,1,7
20140110,Timberwolves,119,Hornets,92,1,7
20140110,Warriors,99,Celtics,97,1,7
20140111,Bulls,103,Hornets,97,1,7
20140111,Mavericks,110,Pelicans,107,1,7
20140111,Nuggets,120,Magic,94,1,7
20140111,Pistons,110,Suns,108,1,7
20140111,Raptors,96,Nets,80,1,7
20140111,Thunder,101,Bucks,85,1,7
20140111,Trailblazers,112,Celtics,104,1,7
20140112,Grizzlies,108,Hawks,101,1,3
20140112,Kings,124,Cavaliers,80,1,3
20140112,Spurs,104,Timberwolves,86,1,3
20140113,Bulls,88,Wizards,102,0,4
20140113,Knicks,98,Suns,96,1,4
20140113,Mavericks,107,Magic,88,1,4
20140113,Raptors,116,Bucks,94,1,4
20140114,Hornets,108,Knicks,98,1,2
20140114,Pacers,116,Kings,92,1,2
20140115,Clippers,129,Mavericks,127,1,7
20140115,Seventysixers,95,Hornets,92,1,7
20140115,Spurs,109,Jazz,105,1,7
20140115,Suns,121,Lakers,114,1,7
20140115,Timberwolves,108,Kings,111,0,7
20140115,Trailblazers,108,Cavaliers,96,1,7
20140115,Warriors,116,Nuggets,123,0,7
20140116,Pacers,117,Knicks,89,1,2
20140116,Rockets,92,Thunder,104,0,2
20140117,Celtics,104,Lakers,107,0,8
20140117,Grizzlies,91,Kings,90,1,8
20140117,Nuggets,109,Cavaliers,117,0,8
20140117,Pistons,89,Jazz,110,0,8
20140117,Raptors,94,Timberwolves,89,1,8
20140117,Spurs,100,Trailblazers,109,0,8
20140117,Thunder,127,Warriors,121,1,8
20140117,Wizards,96,Bulls,93,1,8
20140118,Bulls,103,Seventysixers,78,1,5
20140118,Pacers,106,Clippers,92,1,5
20140118,Rockets,114,Bucks,104,1,5
20140118,Timberwolves,98,Jazz,72,1,5
20140118,Wizards,98,Pistons,104,0,5
20140119,Raptors,106,Lakers,112,0,3
20140119,Spurs,110,Bucks,82,1,3
20140119,Thunder,108,Kings,93,1,3
20140120,Bulls,102,Lakers,100,1,5
20140120,Grizzlies,92,Pelicans,95,0,5
20140120,Rockets,126,Trailblazers,113,1,5
20140120,Warriors,94,Pacers,102,0,5
20140120,Wizards,107,Seventysixers,99,1,5
20140121,Heat,93,Celtics,86,1,3
20140121,Nets,101,Magic,90,1,3
20140121,Thunder,105,Trailblazers,97,1,3
20140122,Cavaliers,87,Bulls,98,0,6
20140122,Knicks,106,Seventysixers,110,0,6
20140122,Raptors,93,Mavericks,85,1,6
20140122,Rockets,119,Kings,98,1,6
20140122,Spurs,105,Thunder,111,0,6
20140122,Wizards,111,Celtics,113,0,6
20140123,Heat,109,Lakers,102,1,2
20140123,Trailblazers,110,Nuggets,105,1,2
20140124,Cavaliers,93,Bucks,78,1,8
20140124,Knicks,125,Hornets,96,1,8
20140124,Magic,114,Lakers,105,1,8
20140124,Nets,107,Mavericks,106,1,8
20140124,Pistons,101,Pelicans,103,0,8
20140124,Rockets,87,Grizzlies,88,0,8
20140124,Suns,95,Wizards,101,0,8
20140124,Warriors,120,Timberwolves,121,0,8
20140125,Raptors,118,Clippers,126,0,2
20140125,Trailblazers,115,Timberwolves,104,1,2
20140126,Cavaliers,90,Suns,99,0,6
20140126,Heat,113,Spurs,101,1,6
20140126,Knicks,110,Lakers,103,1,6
20140126,Mavericks,116,Pistons,106,1,6
20140126,Pelicans,100,Magic,92,1,6
20140126,Warriors,103,Trailblazers,88,1,6
20140127,Jazz,106,Kings,99,1,3
20140127,Nets,103,Raptors,104,0,3
20140127,Thunder,111,Hawks,109,1,3
20140128,Cavaliers,89,Pelicans,100,0,5
20140128,Knicks,114,Celtics,88,1,5
20140128,Pistons,103,Magic,87,1,5
20140128,Trailblazers,81,Grizzlies,98,0,5
20140128,Warriors,85,Wizards,88,0,5
20140129,Celtics,94,Seventysixers,95,0,8
20140129,Clippers,110,Wizards,103,1,8
20140129,Heat,95,Thunder,112,0,8
20140129,Mavericks,115,Rockets,117,0,8
20140129,Nuggets,98,Hornets,101,0,8
20140129,Raptors,98,Magic,83,1,8
20140129,Spurs,86,Bulls,96,0,8
20140129,Timberwolves,88,Pelicans,77,1,8
20140130,Knicks,117,Cavaliers,86,1,3
20140130,Pacers,94,Suns,102,0,3
20140130,Warriors,111,Clippers,92,1,3
20140131,Lakers,100,Hornets,110,0,4
20140131,Magic,113,Bucks,102,1,4
20140131,Mavericks,107,Kings,103,1,4
20140131,Nuggets,90,Raptors,100,0,4
20140201,Clippers,102,Jazz,87,1,9
20140201,Grizzlies,99,Bucks,90,1,9
20140201,Hawks,120,Timberwolves,113,1,9
20140201,Pacers,97,Nets,96,1,9
20140201,Pistons,113,Seventysixers,96,1,9
20140201,Rockets,106,Cavaliers,92,1,9
20140201,Spurs,95,Kings,93,1,9
20140201,Suns,105,Hornets,95,1,9
20140201,Trailblazers,106,Raptors,103,1,9
20140202,Celtics,96,Magic,89,1,1
20140203,Heat,102,Pistons,96,1,5
20140203,Mavericks,124,Cavaliers,107,1,5
20140203,Nets,108,Seventysixers,102,1,5
20140203,Pacers,98,Magic,79,1,5
20140203,Thunder,86,Grizzlies,77,1,5
20140204,Suns,92,Bulls,101,0,3
20140204,Timberwolves,109,Lakers,99,1,3
20140204,Warriors,75,Hornets,91,0,3
20140205,Cavaliers,108,Lakers,119,0,8
20140205,Clippers,112,Heat,116,0,8
20140205,Grizzlies,96,Mavericks,110,0,8
20140205,Kings,109,Raptors,101,1,8
20140205,Nuggets,110,Bucks,100,1,8
20140205,Pelicans,105,Hawks,100,1,8
20140205,Rockets,122,Suns,108,1,8
20140205,Thunder,106,Timberwolves,97,1,8
20140206,Nets,103,Spurs,89,1,2
20140206,Warriors,102,Bulls,87,1,2
20140207,Clippers,118,Raptors,105,1,7
20140207,Knicks,117,Nuggets,90,1,7
20140207,Mavericks,103,Jazz,81,1,7
20140207,Pacers,118,Trailblazers,113,1,7
20140207,Pistons,111,Nets,95,1,7
20140207,Seventysixers,98,Lakers,112,0,7
20140207,Wizards,113,Cavaliers,115,0,7
20140208,Hawks,76,Grizzlies,79,0,3
20140208,Pistons,126,Nuggets,109,1,3
20140208,Suns,122,Warriors,109,1,3
20140209,Clippers,123,Seventysixers,78,1,4
20140209,Nets,93,Pelicans,81,1,4
20140209,Thunder,112,Knicks,100,1,4
20140209,Wizards,93,Kings,84,1,4
20140210,Pacers,119,Nuggets,80,1,3
20140210,Raptors,108,Pelicans,101,1,3
20140210,Warriors,123,Seventysixers,80,1,3
20140211,Bulls,100,Hawks,85,1,4
20140211,Grizzlies,92,Wizards,89,1,4
20140211,Lakers,79,Jazz,96,0,4
20140211,Trailblazers,95,Thunder,98,0,4
20140212,Clippers,122,Trailblazers,117,1,9
20140212,Jazz,105,Seventysixers,100,1,9
20140212,Knicks,101,Kings,106,0,9
20140212,Nets,105,Hornets,89,1,9
20140212,Pacers,73,Mavericks,81,0,9
20140212,Pistons,89,Cavaliers,93,0,9
20140212,Raptors,104,Hawks,83,1,9
20140212,Rockets,113,Wizards,112,1,9
20140212,Timberwolves,117,Nuggets,90,1,9
20140213,Bulls,92,Nets,76,1,1
20140218,Clippers,103,Spurs,113,0,5
20140218,Grizzlies,98,Knicks,93,1,5
20140218,Pacers,108,Hawks,98,1,5
20140218,Pistons,96,Hornets,108,0,5
20140218,Wizards,93,Raptors,103,0,5
20140219,Hornets,116,Pistons,98,1,7
20140219,Cavaliers,101,Magic,93,1,7
20140219,Hawks,97,Wizards,114,0,7
20140219,Pelicans,91,Knicks,98,0,7
20140219,Raptors,92,Bulls,94,0,7
20140219,Suns,100,Celtics,94,1,7
20140219,Trailblazers,109,Spurs,111,0,7
20140220,Thunder,81,Heat,103,0,1
20140221,Hornets,90,Pelicans,87,1,6
20140221,Bulls,117,Nuggets,89,1,6
20140221,Lakers,101,Celtics,92,1,6
20140221,Pistons,115,Hawks,107,1,6
20140221,Raptors,98,Cavaliers,91,1,6
20140221,Trailblazers,102,Jazz,94,1,6
20140222,Hawks,107,Knicks,98,1,4
20140222,Kings,105,Celtics,98,1,4
20140222,Warriors,93,Nets,86,1,4
20140222,Wizards,94,Pelicans,93,1,4
20140223,Heat,93,Bulls,79,1,5
20140223,Nuggets,95,Kings,109,0,5
20140223,Raptors,105,Magic,90,1,5
20140223,Thunder,117,Clippers,125,0,5
20140223,Trailblazers,108,Timberwolves,97,1,5
20140224,Jazz,110,Celtics,98,1,1
20140225,Pacers,118,Lakers,98,1,3
20140225,Suns,101,Timberwolves,110,0,3
20140225,Wizards,115,Magic,106,1,3
20140226,Celtics,115,Hawks,104,1,8
20140226,Clippers,101,Rockets,93,1,8
20140226,Grizzlies,108,Lakers,103,1,8
20140226,Jazz,109,Suns,86,1,8
20140226,Mavericks,108,Pelicans,89,1,8
20140226,Spurs,120,Pistons,110,1,8
20140226,Thunder,104,Cavaliers,114,0,8
20140226,Trailblazers,124,Nets,80,1,8
20140227,Heat,108,Knicks,82,1,3
20140227,Pacers,101,Bucks,96,1,3
20140227,Raptors,129,Wizards,134,0,3
20140228,Cavaliers,99,Jazz,79,1,6
20140228,Lakers,126,Kings,122,1,6
20140228,Mavericks,91,Bulls,100,0,6
20140228,Spurs,92,Hornets,82,1,6
20140228,Suns,116,Pelicans,104,1,6
20140228,Thunder,113,Grizzlies,107,1,6
20140301,Clippers,108,Pelicans,76,1,5
20140301,Grizzlies,110,Cavaliers,96,1,5
20140301,Heat,112,Magic,98,1,5
20140301,Rockets,118,Pistons,110,1,5
20140301,Trailblazers,102,Nuggets,96,1,5
20140302,Bulls,109,Knicks,90,1,6
20140302,Magic,92,Seventysixers,81,1,6
20140302,Pacers,94,Jazz,91,1,6
20140302,Spurs,112,Mavericks,106,1,6
20140302,Suns,129,Hawks,120,1,6
20140302,Thunder,116,Hornets,99,1,6
20140303,Bucks,114,Jazz,88,1,6
20140303,Heat,124,Hornets,107,1,6
20140303,Kings,96,Pelicans,89,1,6
20140303,Nets,96,Bulls,80,1,6
20140303,Pistons,96,Knicks,85,1,6
20140303,Trailblazers,106,Lakers,107,0,6
20140304,Lakers,125,Pelicans,132,0,4
20140304,Pacers,96,Warriors,98,0,4
20140304,Rockets,106,Heat,103,1,4
20140304,Thunder,125,Seventysixers,92,1,4
20140305,Nets,103,Grizzlies,94,1,4
20140305,Timberwolves,106,Knicks,118,0,4
20140305,Trailblazers,102,Hawks,78,1,4
20140305,Wizards,104,Jazz,91,1,4
20140306,Spurs,111,Heat,87,1,1
20140307,Hornets,101,Cavaliers,92,1,10
20140307,Bulls,77,Grizzlies,85,0,10
20140307,Knicks,108,Jazz,81,1,10
20140307,Mavericks,103,Trailblazers,98,1,10
20140307,Nuggets,134,Lakers,126,1,10
20140307,Pelicans,112,Bucks,104,1,10
20140307,Raptors,99,Kings,87,1,10
20140307,Rockets,112,Pacers,86,1,10
20140307,Timberwolves,114,Pistons,101,1,10
20140307,Warriors,111,Hawks,97,1,10
20140308,Clippers,109,Hawks,108,1,3
20140308,Grizzlies,111,Hornets,89,1,3
20140308,Spurs,121,Magic,112,1,3
20140309,Celtics,118,Pistons,111,1,6
20140309,Nets,104,Kings,89,1,6
20140309,Pelicans,111,Nuggets,107,1,6
20140309,Rockets,118,Trailblazers,113,1,6
20140309,Timberwolves,104,Raptors,111,0,6
20140309,Warriors,113,Suns,107,1,6
20140310,Hornets,105,Nuggets,98,1,5
20140310,Clippers,112,Suns,105,1,5
20140310,Heat,99,Wizards,90,1,5
20140310,Knicks,123,Seventysixers,110,1,5
20140310,Nets,101,Raptors,97,1,5
20140311,Grizzlies,109,Trailblazers,99,1,6
20140311,Pacers,94,Celtics,83,1,6
20140311,Pistons,99,Kings,89,1,6
20140311,Thunder,106,Rockets,98,1,6
20140311,Timberwolves,112,Bucks,101,1,6
20140311,Warriors,108,Mavericks,85,1,6
20140312,Clippers,111,Warriors,98,1,6
20140312,Heat,95,Nets,96,0,6
20140312,Raptors,101,Pistons,87,1,6
20140312,Spurs,103,Trailblazers,90,1,6
20140312,Suns,101,Cavaliers,110,0,6
20140312,Wizards,85,Hornets,98,0,6
20140313,Hawks,102,Bucks,97,1,2
20140313,Thunder,131,Lakers,102,1,2
20140314,Heat,107,Nuggets,111,0,3
20140314,Spurs,119,Lakers,85,1,3
20140314,Warriors,94,Cavaliers,103,0,3
20140315,Bulls,94,Kings,87,1,3
20140315,Hawks,97,Nuggets,92,1,3
20140315,Knicks,115,Bucks,94,1,3
20140316,Clippers,102,Cavaliers,80,1,7
20140316,Heat,113,Rockets,104,1,7
20140316,Pelicans,121,Celtics,120,1,7
20140316,Raptors,113,Suns,121,0,7
20140316,Spurs,122,Jazz,104,1,7
20140316,Thunder,86,Mavericks,109,0,7
20140316,Timberwolves,104,Kings,102,1,7
20140317,Hornets,83,Hawks,97,0,5
20140317,Mavericks,94,Celtics,89,1,5
20140317,Nets,108,Suns,95,1,5
20140317,Pacers,99,Seventysixers,90,1,5
20140317,Rockets,124,Jazz,86,1,5
20140318,Trailblazers,120,Bucks,115,1,2
20140318,Warriors,103,Magic,89,1,2
20140319,Grizzlies,96,Jazz,86,1,5
20140319,Mavericks,122,Timberwolves,123,0,5
20140319,Nets,104,Hornets,99,1,5
20140319,Nuggets,118,Pistons,109,1,5
20140319,Suns,109,Magic,93,1,5
20140320,Rockets,129,Timberwolves,106,1,3
20140320,Trailblazers,116,Wizards,103,1,3
20140320,Warriors,115,Bucks,110,1,3
20140321,Hawks,105,Pelicans,111,0,6
20140321,Heat,91,Grizzlies,86,1,6
20140321,Mavericks,122,Nuggets,106,1,6
20140321,Nets,114,Celtics,98,1,6
20140321,Pacers,91,Bulls,79,1,6
20140321,Suns,98,Pistons,92,1,6
20140322,Bulls,91,Seventysixers,81,1,5
20140322,Clippers,112,Pistons,103,1,5
20140322,Grizzlies,82,Pacers,71,1,5
20140322,Jazz,89,Magic,88,1,5
20140322,Warriors,90,Spurs,99,0,5
20140323,Kings,124,Bucks,107,1,7
20140323,Knicks,100,Cavaliers,106,0,7
20140323,Lakers,103,Magic,94,1,7
20140323,Mavericks,104,Nets,107,0,7
20140323,Nuggets,105,Wizards,102,1,7
20140323,Raptors,96,Hawks,86,1,7
20140323,Timberwolves,120,Suns,127,0,7
20140324,Bulls,89,Pacers,77,1,6
20140324,Clippers,106,Bucks,98,1,6
20140324,Grizzlies,109,Timberwolves,92,1,6
20140324,Heat,93,Trailblazers,91,1,6
20140324,Spurs,113,Seventysixers,91,1,6
20140324,Thunder,117,Nuggets,96,1,6
20140326,Hornets,116,Nets,111,1,5
20140326,Pacers,84,Heat,83,1,5
20140326,Pistons,96,Cavaliers,97,0,5
20140326,Spurs,108,Nuggets,103,1,5
20140326,Timberwolves,107,Hawks,83,1,5
20140327,Bucks,108,Lakers,105,1,2
20140327,Rockets,120,Seventysixers,98,1,2
20140328,Bulls,74,Trailblazers,91,0,8
20140328,Nets,108,Cavaliers,97,1,8
20140328,Pelicans,102,Jazz,95,1,8
20140328,Raptors,105,Celtics,103,1,8
20140328,Suns,112,Knicks,88,1,8
20140328,Thunder,94,Kings,81,1,8
20140328,Timberwolves,143,Lakers,107,1,8
20140328,Warriors,100,Grizzlies,93,1,8
20140329,Mavericks,103,Kings,100,1,4
20140329,Rockets,107,Clippers,118,0,4
20140329,Spurs,96,Pelicans,80,1,4
20140329,Wizards,101,Hawks,97,1,4
20140330,Nets,114,Timberwolves,99,1,4
20140330,Thunder,116,Jazz,96,1,4
20140330,Trailblazers,105,Grizzlies,98,1,4
20140330,Warriors,84,Knicks,89,0,4
20140331,Hornets,100,Wizards,94,1,6
20140331,Bulls,94,Celtics,80,1,6
20140331,Hawks,103,Seventysixers,95,1,6
20140331,Heat,93,Raptors,83,1,6
20140331,Pelicans,97,Kings,102,0,6
20140331,Pistons,116,Bucks,111,1,6
20140401,Mavericks,120,Warriors,122,0,2
20140401,Nets,105,Rockets,96,1,2
20140402,Heat,96,Bucks,77,1,9
20140402,Kings,107,Lakers,102,1,9
20140402,Knicks,110,Nets,81,1,9
20140402,Nuggets,137,Pelicans,107,1,9
20140402,Pacers,101,Pistons,94,1,9
20140402,Raptors,107,Rockets,103,1,9
20140402,Spurs,111,Warriors,90,1,9
20140402,Suns,108,Clippers,112,0,9
20140402,Wizards,118,Celtics,92,1,9
20140403,Clippers,107,Mavericks,113,0,2
20140403,Thunder,106,Spurs,94,1,2
20140404,Hornets,91,Magic,80,1,12
20140404,Bulls,102,Bucks,90,1,12
20140404,Celtics,102,Seventysixers,111,0,12
20140404,Grizzlies,100,Nuggets,92,1,12
20140404,Hawks,117,Cavaliers,98,1,12
20140404,Heat,121,Timberwolves,122,0,12
20140404,Jazz,100,Pelicans,96,1,12
20140404,Knicks,89,Wizards,90,0,12
20140404,Nets,116,Pistons,104,1,12
20140404,Rockets,111,Thunder,107,1,12
20140404,Trailblazers,93,Suns,109,0,12
20140404,Warriors,102,Kings,69,1,12
20140405,Cavaliers,94,Hornets,96,0,3
20140405,Pistons,115,Celtics,111,1,3
20140405,Wizards,78,Bulls,96,0,3
20140406,Clippers,120,Lakers,97,1,7
20140406,Heat,102,Knicks,91,1,7
20140406,Pacers,88,Hawks,107,0,7
20140406,Rockets,130,Nuggets,125,1,7
20140406,Spurs,112,Grizzlies,92,1,7
20140406,Trailblazers,100,Pelicans,94,1,7
20140406,Warriors,130,Jazz,102,1,7
20140408,Heat,87,Nets,88,0,2
20140408,Hawks,95,Pistons,102,0,2
20140409,Cavaliers,122,Pistons,100,1,7
20140409,Clippers,101,Thunder,107,0,7
20140409,Grizzlies,107,Heat,102,1,7
20140409,Hawks,105,Celtics,97,1,7
20140409,Raptors,125,Seventysixers,114,1,7
20140409,Trailblazers,100,Kings,99,1,7
20140409,Wizards,88,Hornets,94,0,7
20140410,Mavericks,100,Spurs,109,0,2
20140410,Warriors,99,Nuggets,100,0,2
20140411,Bulls,106,Pistons,98,1,7
20140411,Grizzlies,117,Seventysixers,95,1,7
20140411,Heat,98,Pacers,86,1,7
20140411,Nets,88,Hawks,93,0,7
20140411,Raptors,100,Knicks,108,0,7
20140411,Spurs,112,Suns,104,1,7
20140411,Thunder,116,Pelicans,94,1,7
20140412,Hornets,111,Seventysixers,105,1,7
20140412,Cavaliers,99,Celtics,111,0,7
20140412,Clippers,117,Kings,101,1,7
20140412,Mavericks,101,Suns,98,1,7
20140412,Nuggets,101,Jazz,94,1,7
20140412,Rockets,111,Pelicans,104,1,7
20140412,Wizards,104,Bucks,91,1,7
20140413,Nets,97,Magic,88,1,3
20140413,Pacers,102,Thunder,97,1,3
20140413,Trailblazers,119,Warriors,117,1,3
20140414,Bulls,108,Magic,95,1,7
20140414,Jazz,104,Lakers,119,0,7
20140414,Raptors,110,Bucks,100,1,7
20140414,Rockets,104,Spurs,98,1,7
20140414,Suns,91,Grizzlies,97,0,7
20140414,Warriors,130,Timberwolves,120,1,7
20140414,Wizards,114,Heat,93,1,7
20140415,Clippers,117,Nuggets,105,1,2
20140415,Nets,98,Knicks,109,0,2
20140416,Hornets,91,Bulls,86,1,12
20140416,Bucks,103,Hawks,111,0,12
20140416,Cavaliers,114,Nets,85,1,12
20140416,Grizzlies,106,Mavericks,105,1,12
20140416,Heat,87,Seventysixers,100,0,12
20140416,Magic,86,Pacers,101,0,12
20140416,Nuggets,112,Warriors,116,0,12
20140416,Pelicans,105,Rockets,100,1,12
20140416,Spurs,100,Lakers,113,0,12
20140416,Thunder,112,Pistons,111,1,12
20140416,Timberwolves,130,Jazz,136,0,12
20140416,Trailblazers,110,Clippers,104,1,12
20140419,Clippers,105,Warriors,109,0,4
20140419,Pacers,93,Hawks,101,0,4
20140419,Raptors,87,Nets,94,0,4
20140419,Thunder,100,Grizzlies,86,1,4
20140420,Bulls,93,Wizards,102,0,4
20140420,Heat,99,Hornets,88,1,4
20140420,Rockets,120,Trailblazers,122,0,4
20140420,Spurs,90,Mavericks,85,1,4
20140421,Clippers,138,Warriors,98,1,2
20140421,Thunder,105,Grizzlies,111,0,2
20140422,Bulls,99,Wizards,101,0,3
20140422,Pacers,101,Hawks,85,1,3
20140422,Raptors,100,Nets,95,1,3
20140423,Heat,101,Hornets,97,1,3
20140423,Rockets,105,Trailblazers,112,0,3
20140423,Spurs,92,Mavericks,113,0,3
20140425,Nets,102,Raptors,98,1,3
20140425,Trailblazers,116,Rockets,121,0,3
20140425,Wizards,97,Bulls,100,0,3
20140427,Nets,79,Raptors,87,0,3
20140427,Trailblazers,123,Rockets,120,1,3
20140427,Wizards,98,Bulls,89,1,3
20140428,Pacers,97,Hawks,107,0,1
20140429,Bulls,69,Wizards,75,0,3
20140429,Clippers,113,Warriors,103,1,3
20140429,Thunder,99,Grizzlies,100,0,3
20140430,Raptors,115,Nets,113,1,3
20140430,Rockets,108,Trailblazers,98,1,3
20140430,Spurs,109,Mavericks,103,1,3
20140502,Nets,97,Raptors,83,1,2
20140502,Trailblazers,99,Rockets,98,1,2
20140503,Clippers,126,Warriors,121,1,3
20140503,Pacers,92,Hawks,80,1,3
20140503,Thunder,120,Grizzlies,109,1,3
20140504,Raptors,103,Nets,104,0,2
20140504,Spurs,119,Mavericks,96,1,2
20140505,Pacers,96,Wizards,102,0,2
20140505,Thunder,105,Clippers,122,0,2
20140506,Heat,107,Nets,86,1,2
20140506,Spurs,116,Trailblazers,92,1,2
20140507,Pacers,86,Wizards,82,1,2
20140507,Thunder,112,Clippers,101,1,2
20140508,Heat,94,Nets,82,1,2
20140508,Spurs,114,Trailblazers,97,1,2
20140509,Clippers,112,Thunder,118,0,2
20140509,Wizards,63,Pacers,85,0,2
20140511,Clippers,101,Thunder,99,1,2
20140511,Wizards,92,Pacers,95,0,2
20140513,Pacers,79,Wizards,102,0,2
20140513,Thunder,105,Clippers,104,1,2
20140514,Heat,96,Nets,94,1,2
20140514,Spurs,104,Trailblazers,82,1,2
20140515,Clippers,98,Thunder,104,0,2
20140515,Wizards,80,Pacers,93,0,2
20140519,Spurs,122,Thunder,105,1,1
20140521,Spurs,112,Thunder,77,1,1
20140524,Heat,99,Pacers,87,1,1
20140525,Thunder,106,Spurs,97,1,1
20140526,Heat,102,Pacers,90,1,1
20140527,Thunder,105,Spurs,92,1,1
20140529,Spurs,117,Thunder,89,1,1
20140530,Heat,117,Pacers,92,1,1
20140531,Thunder,107,Spurs,112,0,1
20140605,Spurs,110,Heat,95,1,1
20140608,Spurs,96,Heat,98,0,1
20140610,Heat,92,Spurs,111,0,1
20140612,Heat,86,Spurs,107,0,1
20140615,Spurs,104,Heat,87,1,1
